SubjectID,DecisionID,Constant,Treatment,SessionID,SwitchPoint,Gender,Complexity
1,1,1,0,1,2,0,1
1,2,1,0,1,2,0,2
1,3,1,0,1,2,0,3
1,4,1,0,1,2,0,4
1,5,1,0,1,2,0,5
1,6,1,0,1,2,0,6
1,7,1,0,1,2,0,7
1,8,1,0,1,2,0,8
1,9,1,0,1,2,0,9
1,10,1,0,1,2,0,10
1,11,1,0,1,2,0,11
1,12,1,0,1,2,0,12
1,13,1,0,1,2,0,13
1,14,1,0,1,2,0,14
1,15,1,0,1,2,0,15
2,1,1,0,1,4,1,1
2,2,1,0,1,4,1,2
2,3,1,0,1,4,1,3
2,4,1,0,1,4,1,4
2,5,1,0,1,4,1,5
2,6,1,0,1,4,1,6
2,7,1,0,1,4,1,7
2,8,1,0,1,4,1,8
2,9,1,0,1,4,1,9
2,10,1,0,1,4,1,10
2,11,1,0,1,4,1,11
2,12,1,0,1,4,1,12
2,13,1,0,1,4,1,13
2,14,1,0,1,4,1,14
2,15,1,0,1,4,1,15
3,1,1,0,1,5,0,1
3,2,1,0,1,5,0,2
3,3,1,0,1,5,0,3
3,4,1,0,1,5,0,4
3,5,1,0,1,5,0,5
3,6,1,0,1,5,0,6
3,7,1,0,1,5,0,7
3,8,1,0,1,5,0,8
3,9,1,0,1,5,0,9
3,10,1,0,1,5,0,10
3,11,1,0,1,5,0,11
3,12,1,0,1,5,0,12
3,13,1,0,1,5,0,13
3,14,1,0,1,5,0,14
3,15,1,0,1,5,0,15
4,1,1,0,1,5,1,1
4,2,1,0,1,5,1,2
4,3,1,0,1,5,1,3
4,4,1,0,1,5,1,4
4,5,1,0,1,5,1,5
4,6,1,0,1,5,1,6
4,7,1,0,1,5,1,7
4,8,1,0,1,5,1,8
4,9,1,0,1,5,1,9
4,10,1,0,1,5,1,10
4,11,1,0,1,5,1,11
4,12,1,0,1,5,1,12
4,13,1,0,1,5,1,13
4,14,1,0,1,5,1,14
4,15,1,0,1,5,1,15
5,1,1,0,1,3,0,1
5,2,1,0,1,3,0,2
5,3,1,0,1,3,0,3
5,4,1,0,1,3,0,4
5,5,1,0,1,3,0,5
5,6,1,0,1,3,0,6
5,7,1,0,1,3,0,7
5,8,1,0,1,3,0,8
5,9,1,0,1,3,0,9
5,10,1,0,1,3,0,10
5,11,1,0,1,3,0,11
5,12,1,0,1,3,0,12
5,13,1,0,1,3,0,13
5,14,1,0,1,3,0,14
5,15,1,0,1,3,0,15
6,1,1,0,1,5,1,1
6,2,1,0,1,5,1,2
6,3,1,0,1,5,1,3
6,4,1,0,1,5,1,4
6,5,1,0,1,5,1,5
6,6,1,0,1,5,1,6
6,7,1,0,1,5,1,7
6,8,1,0,1,5,1,8
6,9,1,0,1,5,1,9
6,10,1,0,1,5,1,10
6,11,1,0,1,5,1,11
6,12,1,0,1,5,1,12
6,13,1,0,1,5,1,13
6,14,1,0,1,5,1,14
6,15,1,0,1,5,1,15
7,1,1,0,2,10,0,1
7,2,1,0,2,10,0,2
7,3,1,0,2,10,0,3
7,4,1,0,2,10,0,4
7,5,1,0,2,10,0,5
7,6,1,0,2,10,0,6
7,7,1,0,2,10,0,7
7,8,1,0,2,10,0,8
7,9,1,0,2,10,0,9
7,10,1,0,2,10,0,10
7,11,1,0,2,10,0,11
7,12,1,0,2,10,0,12
7,13,1,0,2,10,0,13
7,14,1,0,2,10,0,14
7,15,1,0,2,10,0,15
8,1,1,0,2,7,1,1
8,2,1,0,2,7,1,2
8,3,1,0,2,7,1,3
8,4,1,0,2,7,1,4
8,5,1,0,2,7,1,5
8,6,1,0,2,7,1,6
8,7,1,0,2,7,1,7
8,8,1,0,2,7,1,8
8,9,1,0,2,7,1,9
8,10,1,0,2,7,1,10
8,11,1,0,2,7,1,11
8,12,1,0,2,7,1,12
8,13,1,0,2,7,1,13
8,14,1,0,2,7,1,14
8,15,1,0,2,7,1,15
9,1,1,0,2,6,0,1
9,2,1,0,2,6,0,2
9,3,1,0,2,6,0,3
9,4,1,0,2,6,0,4
9,5,1,0,2,6,0,5
9,6,1,0,2,6,0,6
9,7,1,0,2,6,0,7
9,8,1,0,2,6,0,8
9,9,1,0,2,6,0,9
9,10,1,0,2,6,0,10
9,11,1,0,2,6,0,11
9,12,1,0,2,6,0,12
9,13,1,0,2,6,0,13
9,14,1,0,2,6,0,14
9,15,1,0,2,6,0,15
10,1,1,0,2,1,1,1
10,2,1,0,2,1,1,2
10,3,1,0,2,1,1,3
10,4,1,0,2,1,1,4
10,5,1,0,2,1,1,5
10,6,1,0,2,1,1,6
10,7,1,0,2,1,1,7
10,8,1,0,2,1,1,8
10,9,1,0,2,1,1,9
10,10,1,0,2,1,1,10
10,11,1,0,2,1,1,11
10,12,1,0,2,1,1,12
10,13,1,0,2,1,1,13
10,14,1,0,2,1,1,14
10,15,1,0,2,1,1,15
11,1,1,0,2,0,0,1
11,2,1,0,2,0,0,2
11,3,1,0,2,0,0,3
11,4,1,0,2,0,0,4
11,5,1,0,2,0,0,5
11,6,1,0,2,0,0,6
11,7,1,0,2,0,0,7
11,8,1,0,2,0,0,8
11,9,1,0,2,0,0,9
11,10,1,0,2,0,0,10
11,11,1,0,2,0,0,11
11,12,1,0,2,0,0,12
11,13,1,0,2,0,0,13
11,14,1,0,2,0,0,14
11,15,1,0,2,0,0,15
12,1,1,0,2,5,1,1
12,2,1,0,2,5,1,2
12,3,1,0,2,5,1,3
12,4,1,0,2,5,1,4
12,5,1,0,2,5,1,5
12,6,1,0,2,5,1,6
12,7,1,0,2,5,1,7
12,8,1,0,2,5,1,8
12,9,1,0,2,5,1,9
12,10,1,0,2,5,1,10
12,11,1,0,2,5,1,11
12,12,1,0,2,5,1,12
12,13,1,0,2,5,1,13
12,14,1,0,2,5,1,14
12,15,1,0,2,5,1,15
13,1,1,0,3,3,0,1
13,2,1,0,3,3,0,2
13,3,1,0,3,3,0,3
13,4,1,0,3,3,0,4
13,5,1,0,3,3,0,5
13,6,1,0,3,3,0,6
13,7,1,0,3,3,0,7
13,8,1,0,3,3,0,8
13,9,1,0,3,3,0,9
13,10,1,0,3,3,0,10
13,11,1,0,3,3,0,11
13,12,1,0,3,3,0,12
13,13,1,0,3,3,0,13
13,14,1,0,3,3,0,14
13,15,1,0,3,3,0,15
14,1,1,0,3,4,1,1
14,2,1,0,3,4,1,2
14,3,1,0,3,4,1,3
14,4,1,0,3,4,1,4
14,5,1,0,3,4,1,5
14,6,1,0,3,4,1,6
14,7,1,0,3,4,1,7
14,8,1,0,3,4,1,8
14,9,1,0,3,4,1,9
14,10,1,0,3,4,1,10
14,11,1,0,3,4,1,11
14,12,1,0,3,4,1,12
14,13,1,0,3,4,1,13
14,14,1,0,3,4,1,14
14,15,1,0,3,4,1,15
15,1,1,0,3,10,0,1
15,2,1,0,3,10,0,2
15,3,1,0,3,10,0,3
15,4,1,0,3,10,0,4
15,5,1,0,3,10,0,5
15,6,1,0,3,10,0,6
15,7,1,0,3,10,0,7
15,8,1,0,3,10,0,8
15,9,1,0,3,10,0,9
15,10,1,0,3,10,0,10
15,11,1,0,3,10,0,11
15,12,1,0,3,10,0,12
15,13,1,0,3,10,0,13
15,14,1,0,3,10,0,14
15,15,1,0,3,10,0,15
16,1,1,0,3,4,1,1
16,2,1,0,3,4,1,2
16,3,1,0,3,4,1,3
16,4,1,0,3,4,1,4
16,5,1,0,3,4,1,5
16,6,1,0,3,4,1,6
16,7,1,0,3,4,1,7
16,8,1,0,3,4,1,8
16,9,1,0,3,4,1,9
16,10,1,0,3,4,1,10
16,11,1,0,3,4,1,11
16,12,1,0,3,4,1,12
16,13,1,0,3,4,1,13
16,14,1,0,3,4,1,14
16,15,1,0,3,4,1,15
17,1,1,0,3,1,0,1
17,2,1,0,3,1,0,2
17,3,1,0,3,1,0,3
17,4,1,0,3,1,0,4
17,5,1,0,3,1,0,5
17,6,1,0,3,1,0,6
17,7,1,0,3,1,0,7
17,8,1,0,3,1,0,8
17,9,1,0,3,1,0,9
17,10,1,0,3,1,0,10
17,11,1,0,3,1,0,11
17,12,1,0,3,1,0,12
17,13,1,0,3,1,0,13
17,14,1,0,3,1,0,14
17,15,1,0,3,1,0,15
18,1,1,0,3,3,1,1
18,2,1,0,3,3,1,2
18,3,1,0,3,3,1,3
18,4,1,0,3,3,1,4
18,5,1,0,3,3,1,5
18,6,1,0,3,3,1,6
18,7,1,0,3,3,1,7
18,8,1,0,3,3,1,8
18,9,1,0,3,3,1,9
18,10,1,0,3,3,1,10
18,11,1,0,3,3,1,11
18,12,1,0,3,3,1,12
18,13,1,0,3,3,1,13
18,14,1,0,3,3,1,14
18,15,1,0,3,3,1,15
19,1,1,0,4,5,0,1
19,2,1,0,4,5,0,2
19,3,1,0,4,5,0,3
19,4,1,0,4,5,0,4
19,5,1,0,4,5,0,5
19,6,1,0,4,5,0,6
19,7,1,0,4,5,0,7
19,8,1,0,4,5,0,8
19,9,1,0,4,5,0,9
19,10,1,0,4,5,0,10
19,11,1,0,4,5,0,11
19,12,1,0,4,5,0,12
19,13,1,0,4,5,0,13
19,14,1,0,4,5,0,14
19,15,1,0,4,5,0,15
20,1,1,0,4,10,1,1
20,2,1,0,4,10,1,2
20,3,1,0,4,10,1,3
20,4,1,0,4,10,1,4
20,5,1,0,4,10,1,5
20,6,1,0,4,10,1,6
20,7,1,0,4,10,1,7
20,8,1,0,4,10,1,8
20,9,1,0,4,10,1,9
20,10,1,0,4,10,1,10
20,11,1,0,4,10,1,11
20,12,1,0,4,10,1,12
20,13,1,0,4,10,1,13
20,14,1,0,4,10,1,14
20,15,1,0,4,10,1,15
21,1,1,0,4,6,0,1
21,2,1,0,4,6,0,2
21,3,1,0,4,6,0,3
21,4,1,0,4,6,0,4
21,5,1,0,4,6,0,5
21,6,1,0,4,6,0,6
21,7,1,0,4,6,0,7
21,8,1,0,4,6,0,8
21,9,1,0,4,6,0,9
21,10,1,0,4,6,0,10
21,11,1,0,4,6,0,11
21,12,1,0,4,6,0,12
21,13,1,0,4,6,0,13
21,14,1,0,4,6,0,14
21,15,1,0,4,6,0,15
22,1,1,0,4,9,1,1
22,2,1,0,4,9,1,2
22,3,1,0,4,9,1,3
22,4,1,0,4,9,1,4
22,5,1,0,4,9,1,5
22,6,1,0,4,9,1,6
22,7,1,0,4,9,1,7
22,8,1,0,4,9,1,8
22,9,1,0,4,9,1,9
22,10,1,0,4,9,1,10
22,11,1,0,4,9,1,11
22,12,1,0,4,9,1,12
22,13,1,0,4,9,1,13
22,14,1,0,4,9,1,14
22,15,1,0,4,9,1,15
23,1,1,0,4,10,0,1
23,2,1,0,4,10,0,2
23,3,1,0,4,10,0,3
23,4,1,0,4,10,0,4
23,5,1,0,4,10,0,5
23,6,1,0,4,10,0,6
23,7,1,0,4,10,0,7
23,8,1,0,4,10,0,8
23,9,1,0,4,10,0,9
23,10,1,0,4,10,0,10
23,11,1,0,4,10,0,11
23,12,1,0,4,10,0,12
23,13,1,0,4,10,0,13
23,14,1,0,4,10,0,14
23,15,1,0,4,10,0,15
24,1,1,0,4,3,1,1
24,2,1,0,4,3,1,2
24,3,1,0,4,3,1,3
24,4,1,0,4,3,1,4
24,5,1,0,4,3,1,5
24,6,1,0,4,3,1,6
24,7,1,0,4,3,1,7
24,8,1,0,4,3,1,8
24,9,1,0,4,3,1,9
24,10,1,0,4,3,1,10
24,11,1,0,4,3,1,11
24,12,1,0,4,3,1,12
24,13,1,0,4,3,1,13
24,14,1,0,4,3,1,14
24,15,1,0,4,3,1,15
25,1,1,0,5,10,0,1
25,2,1,0,5,10,0,2
25,3,1,0,5,10,0,3
25,4,1,0,5,10,0,4
25,5,1,0,5,10,0,5
25,6,1,0,5,10,0,6
25,7,1,0,5,10,0,7
25,8,1,0,5,10,0,8
25,9,1,0,5,10,0,9
25,10,1,0,5,10,0,10
25,11,1,0,5,10,0,11
25,12,1,0,5,10,0,12
25,13,1,0,5,10,0,13
25,14,1,0,5,10,0,14
25,15,1,0,5,10,0,15
26,1,1,0,5,7,1,1
26,2,1,0,5,7,1,2
26,3,1,0,5,7,1,3
26,4,1,0,5,7,1,4
26,5,1,0,5,7,1,5
26,6,1,0,5,7,1,6
26,7,1,0,5,7,1,7
26,8,1,0,5,7,1,8
26,9,1,0,5,7,1,9
26,10,1,0,5,7,1,10
26,11,1,0,5,7,1,11
26,12,1,0,5,7,1,12
26,13,1,0,5,7,1,13
26,14,1,0,5,7,1,14
26,15,1,0,5,7,1,15
27,1,1,0,5,10,0,1
27,2,1,0,5,10,0,2
27,3,1,0,5,10,0,3
27,4,1,0,5,10,0,4
27,5,1,0,5,10,0,5
27,6,1,0,5,10,0,6
27,7,1,0,5,10,0,7
27,8,1,0,5,10,0,8
27,9,1,0,5,10,0,9
27,10,1,0,5,10,0,10
27,11,1,0,5,10,0,11
27,12,1,0,5,10,0,12
27,13,1,0,5,10,0,13
27,14,1,0,5,10,0,14
27,15,1,0,5,10,0,15
28,1,1,0,5,8,1,1
28,2,1,0,5,8,1,2
28,3,1,0,5,8,1,3
28,4,1,0,5,8,1,4
28,5,1,0,5,8,1,5
28,6,1,0,5,8,1,6
28,7,1,0,5,8,1,7
28,8,1,0,5,8,1,8
28,9,1,0,5,8,1,9
28,10,1,0,5,8,1,10
28,11,1,0,5,8,1,11
28,12,1,0,5,8,1,12
28,13,1,0,5,8,1,13
28,14,1,0,5,8,1,14
28,15,1,0,5,8,1,15
29,1,1,0,5,9,0,1
29,2,1,0,5,9,0,2
29,3,1,0,5,9,0,3
29,4,1,0,5,9,0,4
29,5,1,0,5,9,0,5
29,6,1,0,5,9,0,6
29,7,1,0,5,9,0,7
29,8,1,0,5,9,0,8
29,9,1,0,5,9,0,9
29,10,1,0,5,9,0,10
29,11,1,0,5,9,0,11
29,12,1,0,5,9,0,12
29,13,1,0,5,9,0,13
29,14,1,0,5,9,0,14
29,15,1,0,5,9,0,15
30,1,1,0,5,2,1,1
30,2,1,0,5,2,1,2
30,3,1,0,5,2,1,3
30,4,1,0,5,2,1,4
30,5,1,0,5,2,1,5
30,6,1,0,5,2,1,6
30,7,1,0,5,2,1,7
30,8,1,0,5,2,1,8
30,9,1,0,5,2,1,9
30,10,1,0,5,2,1,10
30,11,1,0,5,2,1,11
30,12,1,0,5,2,1,12
30,13,1,0,5,2,1,13
30,14,1,0,5,2,1,14
30,15,1,0,5,2,1,15
31,1,1,0,6,9,0,1
31,2,1,0,6,9,0,2
31,3,1,0,6,9,0,3
31,4,1,0,6,9,0,4
31,5,1,0,6,9,0,5
31,6,1,0,6,9,0,6
31,7,1,0,6,9,0,7
31,8,1,0,6,9,0,8
31,9,1,0,6,9,0,9
31,10,1,0,6,9,0,10
31,11,1,0,6,9,0,11
31,12,1,0,6,9,0,12
31,13,1,0,6,9,0,13
31,14,1,0,6,9,0,14
31,15,1,0,6,9,0,15
32,1,1,0,6,10,1,1
32,2,1,0,6,10,1,2
32,3,1,0,6,10,1,3
32,4,1,0,6,10,1,4
32,5,1,0,6,10,1,5
32,6,1,0,6,10,1,6
32,7,1,0,6,10,1,7
32,8,1,0,6,10,1,8
32,9,1,0,6,10,1,9
32,10,1,0,6,10,1,10
32,11,1,0,6,10,1,11
32,12,1,0,6,10,1,12
32,13,1,0,6,10,1,13
32,14,1,0,6,10,1,14
32,15,1,0,6,10,1,15
33,1,1,0,6,1,0,1
33,2,1,0,6,1,0,2
33,3,1,0,6,1,0,3
33,4,1,0,6,1,0,4
33,5,1,0,6,1,0,5
33,6,1,0,6,1,0,6
33,7,1,0,6,1,0,7
33,8,1,0,6,1,0,8
33,9,1,0,6,1,0,9
33,10,1,0,6,1,0,10
33,11,1,0,6,1,0,11
33,12,1,0,6,1,0,12
33,13,1,0,6,1,0,13
33,14,1,0,6,1,0,14
33,15,1,0,6,1,0,15
34,1,1,0,6,0,1,1
34,2,1,0,6,0,1,2
34,3,1,0,6,0,1,3
34,4,1,0,6,0,1,4
34,5,1,0,6,0,1,5
34,6,1,0,6,0,1,6
34,7,1,0,6,0,1,7
34,8,1,0,6,0,1,8
34,9,1,0,6,0,1,9
34,10,1,0,6,0,1,10
34,11,1,0,6,0,1,11
34,12,1,0,6,0,1,12
34,13,1,0,6,0,1,13
34,14,1,0,6,0,1,14
34,15,1,0,6,0,1,15
35,1,1,0,6,0,0,1
35,2,1,0,6,0,0,2
35,3,1,0,6,0,0,3
35,4,1,0,6,0,0,4
35,5,1,0,6,0,0,5
35,6,1,0,6,0,0,6
35,7,1,0,6,0,0,7
35,8,1,0,6,0,0,8
35,9,1,0,6,0,0,9
35,10,1,0,6,0,0,10
35,11,1,0,6,0,0,11
35,12,1,0,6,0,0,12
35,13,1,0,6,0,0,13
35,14,1,0,6,0,0,14
35,15,1,0,6,0,0,15
36,1,1,0,6,7,1,1
36,2,1,0,6,7,1,2
36,3,1,0,6,7,1,3
36,4,1,0,6,7,1,4
36,5,1,0,6,7,1,5
36,6,1,0,6,7,1,6
36,7,1,0,6,7,1,7
36,8,1,0,6,7,1,8
36,9,1,0,6,7,1,9
36,10,1,0,6,7,1,10
36,11,1,0,6,7,1,11
36,12,1,0,6,7,1,12
36,13,1,0,6,7,1,13
36,14,1,0,6,7,1,14
36,15,1,0,6,7,1,15
37,1,1,0,7,7,0,1
37,2,1,0,7,7,0,2
37,3,1,0,7,7,0,3
37,4,1,0,7,7,0,4
37,5,1,0,7,7,0,5
37,6,1,0,7,7,0,6
37,7,1,0,7,7,0,7
37,8,1,0,7,7,0,8
37,9,1,0,7,7,0,9
37,10,1,0,7,7,0,10
37,11,1,0,7,7,0,11
37,12,1,0,7,7,0,12
37,13,1,0,7,7,0,13
37,14,1,0,7,7,0,14
37,15,1,0,7,7,0,15
38,1,1,0,7,3,1,1
38,2,1,0,7,3,1,2
38,3,1,0,7,3,1,3
38,4,1,0,7,3,1,4
38,5,1,0,7,3,1,5
38,6,1,0,7,3,1,6
38,7,1,0,7,3,1,7
38,8,1,0,7,3,1,8
38,9,1,0,7,3,1,9
38,10,1,0,7,3,1,10
38,11,1,0,7,3,1,11
38,12,1,0,7,3,1,12
38,13,1,0,7,3,1,13
38,14,1,0,7,3,1,14
38,15,1,0,7,3,1,15
39,1,1,0,7,2,0,1
39,2,1,0,7,2,0,2
39,3,1,0,7,2,0,3
39,4,1,0,7,2,0,4
39,5,1,0,7,2,0,5
39,6,1,0,7,2,0,6
39,7,1,0,7,2,0,7
39,8,1,0,7,2,0,8
39,9,1,0,7,2,0,9
39,10,1,0,7,2,0,10
39,11,1,0,7,2,0,11
39,12,1,0,7,2,0,12
39,13,1,0,7,2,0,13
39,14,1,0,7,2,0,14
39,15,1,0,7,2,0,15
40,1,1,0,7,2,1,1
40,2,1,0,7,2,1,2
40,3,1,0,7,2,1,3
40,4,1,0,7,2,1,4
40,5,1,0,7,2,1,5
40,6,1,0,7,2,1,6
40,7,1,0,7,2,1,7
40,8,1,0,7,2,1,8
40,9,1,0,7,2,1,9
40,10,1,0,7,2,1,10
40,11,1,0,7,2,1,11
40,12,1,0,7,2,1,12
40,13,1,0,7,2,1,13
40,14,1,0,7,2,1,14
40,15,1,0,7,2,1,15
41,1,1,0,7,2,0,1
41,2,1,0,7,2,0,2
41,3,1,0,7,2,0,3
41,4,1,0,7,2,0,4
41,5,1,0,7,2,0,5
41,6,1,0,7,2,0,6
41,7,1,0,7,2,0,7
41,8,1,0,7,2,0,8
41,9,1,0,7,2,0,9
41,10,1,0,7,2,0,10
41,11,1,0,7,2,0,11
41,12,1,0,7,2,0,12
41,13,1,0,7,2,0,13
41,14,1,0,7,2,0,14
41,15,1,0,7,2,0,15
42,1,1,0,7,9,1,1
42,2,1,0,7,9,1,2
42,3,1,0,7,9,1,3
42,4,1,0,7,9,1,4
42,5,1,0,7,9,1,5
42,6,1,0,7,9,1,6
42,7,1,0,7,9,1,7
42,8,1,0,7,9,1,8
42,9,1,0,7,9,1,9
42,10,1,0,7,9,1,10
42,11,1,0,7,9,1,11
42,12,1,0,7,9,1,12
42,13,1,0,7,9,1,13
42,14,1,0,7,9,1,14
42,15,1,0,7,9,1,15
43,1,1,0,8,6,0,1
43,2,1,0,8,6,0,2
43,3,1,0,8,6,0,3
43,4,1,0,8,6,0,4
43,5,1,0,8,6,0,5
43,6,1,0,8,6,0,6
43,7,1,0,8,6,0,7
43,8,1,0,8,6,0,8
43,9,1,0,8,6,0,9
43,10,1,0,8,6,0,10
43,11,1,0,8,6,0,11
43,12,1,0,8,6,0,12
43,13,1,0,8,6,0,13
43,14,1,0,8,6,0,14
43,15,1,0,8,6,0,15
44,1,1,0,8,1,1,1
44,2,1,0,8,1,1,2
44,3,1,0,8,1,1,3
44,4,1,0,8,1,1,4
44,5,1,0,8,1,1,5
44,6,1,0,8,1,1,6
44,7,1,0,8,1,1,7
44,8,1,0,8,1,1,8
44,9,1,0,8,1,1,9
44,10,1,0,8,1,1,10
44,11,1,0,8,1,1,11
44,12,1,0,8,1,1,12
44,13,1,0,8,1,1,13
44,14,1,0,8,1,1,14
44,15,1,0,8,1,1,15
45,1,1,0,8,6,0,1
45,2,1,0,8,6,0,2
45,3,1,0,8,6,0,3
45,4,1,0,8,6,0,4
45,5,1,0,8,6,0,5
45,6,1,0,8,6,0,6
45,7,1,0,8,6,0,7
45,8,1,0,8,6,0,8
45,9,1,0,8,6,0,9
45,10,1,0,8,6,0,10
45,11,1,0,8,6,0,11
45,12,1,0,8,6,0,12
45,13,1,0,8,6,0,13
45,14,1,0,8,6,0,14
45,15,1,0,8,6,0,15
46,1,1,0,8,3,1,1
46,2,1,0,8,3,1,2
46,3,1,0,8,3,1,3
46,4,1,0,8,3,1,4
46,5,1,0,8,3,1,5
46,6,1,0,8,3,1,6
46,7,1,0,8,3,1,7
46,8,1,0,8,3,1,8
46,9,1,0,8,3,1,9
46,10,1,0,8,3,1,10
46,11,1,0,8,3,1,11
46,12,1,0,8,3,1,12
46,13,1,0,8,3,1,13
46,14,1,0,8,3,1,14
46,15,1,0,8,3,1,15
47,1,1,0,8,8,0,1
47,2,1,0,8,8,0,2
47,3,1,0,8,8,0,3
47,4,1,0,8,8,0,4
47,5,1,0,8,8,0,5
47,6,1,0,8,8,0,6
47,7,1,0,8,8,0,7
47,8,1,0,8,8,0,8
47,9,1,0,8,8,0,9
47,10,1,0,8,8,0,10
47,11,1,0,8,8,0,11
47,12,1,0,8,8,0,12
47,13,1,0,8,8,0,13
47,14,1,0,8,8,0,14
47,15,1,0,8,8,0,15
48,1,1,0,8,3,1,1
48,2,1,0,8,3,1,2
48,3,1,0,8,3,1,3
48,4,1,0,8,3,1,4
48,5,1,0,8,3,1,5
48,6,1,0,8,3,1,6
48,7,1,0,8,3,1,7
48,8,1,0,8,3,1,8
48,9,1,0,8,3,1,9
48,10,1,0,8,3,1,10
48,11,1,0,8,3,1,11
48,12,1,0,8,3,1,12
48,13,1,0,8,3,1,13
48,14,1,0,8,3,1,14
48,15,1,0,8,3,1,15
49,1,1,0,9,9,0,1
49,2,1,0,9,9,0,2
49,3,1,0,9,9,0,3
49,4,1,0,9,9,0,4
49,5,1,0,9,9,0,5
49,6,1,0,9,9,0,6
49,7,1,0,9,9,0,7
49,8,1,0,9,9,0,8
49,9,1,0,9,9,0,9
49,10,1,0,9,9,0,10
49,11,1,0,9,9,0,11
49,12,1,0,9,9,0,12
49,13,1,0,9,9,0,13
49,14,1,0,9,9,0,14
49,15,1,0,9,9,0,15
50,1,1,0,9,5,1,1
50,2,1,0,9,5,1,2
50,3,1,0,9,5,1,3
50,4,1,0,9,5,1,4
50,5,1,0,9,5,1,5
50,6,1,0,9,5,1,6
50,7,1,0,9,5,1,7
50,8,1,0,9,5,1,8
50,9,1,0,9,5,1,9
50,10,1,0,9,5,1,10
50,11,1,0,9,5,1,11
50,12,1,0,9,5,1,12
50,13,1,0,9,5,1,13
50,14,1,0,9,5,1,14
50,15,1,0,9,5,1,15
51,1,1,0,9,5,0,1
51,2,1,0,9,5,0,2
51,3,1,0,9,5,0,3
51,4,1,0,9,5,0,4
51,5,1,0,9,5,0,5
51,6,1,0,9,5,0,6
51,7,1,0,9,5,0,7
51,8,1,0,9,5,0,8
51,9,1,0,9,5,0,9
51,10,1,0,9,5,0,10
51,11,1,0,9,5,0,11
51,12,1,0,9,5,0,12
51,13,1,0,9,5,0,13
51,14,1,0,9,5,0,14
51,15,1,0,9,5,0,15
52,1,1,0,9,8,1,1
52,2,1,0,9,8,1,2
52,3,1,0,9,8,1,3
52,4,1,0,9,8,1,4
52,5,1,0,9,8,1,5
52,6,1,0,9,8,1,6
52,7,1,0,9,8,1,7
52,8,1,0,9,8,1,8
52,9,1,0,9,8,1,9
52,10,1,0,9,8,1,10
52,11,1,0,9,8,1,11
52,12,1,0,9,8,1,12
52,13,1,0,9,8,1,13
52,14,1,0,9,8,1,14
52,15,1,0,9,8,1,15
53,1,1,0,9,8,0,1
53,2,1,0,9,8,0,2
53,3,1,0,9,8,0,3
53,4,1,0,9,8,0,4
53,5,1,0,9,8,0,5
53,6,1,0,9,8,0,6
53,7,1,0,9,8,0,7
53,8,1,0,9,8,0,8
53,9,1,0,9,8,0,9
53,10,1,0,9,8,0,10
53,11,1,0,9,8,0,11
53,12,1,0,9,8,0,12
53,13,1,0,9,8,0,13
53,14,1,0,9,8,0,14
53,15,1,0,9,8,0,15
54,1,1,0,9,5,1,1
54,2,1,0,9,5,1,2
54,3,1,0,9,5,1,3
54,4,1,0,9,5,1,4
54,5,1,0,9,5,1,5
54,6,1,0,9,5,1,6
54,7,1,0,9,5,1,7
54,8,1,0,9,5,1,8
54,9,1,0,9,5,1,9
54,10,1,0,9,5,1,10
54,11,1,0,9,5,1,11
54,12,1,0,9,5,1,12
54,13,1,0,9,5,1,13
54,14,1,0,9,5,1,14
54,15,1,0,9,5,1,15
55,1,1,0,10,1,0,1
55,2,1,0,10,1,0,2
55,3,1,0,10,1,0,3
55,4,1,0,10,1,0,4
55,5,1,0,10,1,0,5
55,6,1,0,10,1,0,6
55,7,1,0,10,1,0,7
55,8,1,0,10,1,0,8
55,9,1,0,10,1,0,9
55,10,1,0,10,1,0,10
55,11,1,0,10,1,0,11
55,12,1,0,10,1,0,12
55,13,1,0,10,1,0,13
55,14,1,0,10,1,0,14
55,15,1,0,10,1,0,15
56,1,1,0,10,1,1,1
56,2,1,0,10,1,1,2
56,3,1,0,10,1,1,3
56,4,1,0,10,1,1,4
56,5,1,0,10,1,1,5
56,6,1,0,10,1,1,6
56,7,1,0,10,1,1,7
56,8,1,0,10,1,1,8
56,9,1,0,10,1,1,9
56,10,1,0,10,1,1,10
56,11,1,0,10,1,1,11
56,12,1,0,10,1,1,12
56,13,1,0,10,1,1,13
56,14,1,0,10,1,1,14
56,15,1,0,10,1,1,15
57,1,1,0,10,9,0,1
57,2,1,0,10,9,0,2
57,3,1,0,10,9,0,3
57,4,1,0,10,9,0,4
57,5,1,0,10,9,0,5
57,6,1,0,10,9,0,6
57,7,1,0,10,9,0,7
57,8,1,0,10,9,0,8
57,9,1,0,10,9,0,9
57,10,1,0,10,9,0,10
57,11,1,0,10,9,0,11
57,12,1,0,10,9,0,12
57,13,1,0,10,9,0,13
57,14,1,0,10,9,0,14
57,15,1,0,10,9,0,15
58,1,1,0,10,0,1,1
58,2,1,0,10,0,1,2
58,3,1,0,10,0,1,3
58,4,1,0,10,0,1,4
58,5,1,0,10,0,1,5
58,6,1,0,10,0,1,6
58,7,1,0,10,0,1,7
58,8,1,0,10,0,1,8
58,9,1,0,10,0,1,9
58,10,1,0,10,0,1,10
58,11,1,0,10,0,1,11
58,12,1,0,10,0,1,12
58,13,1,0,10,0,1,13
58,14,1,0,10,0,1,14
58,15,1,0,10,0,1,15
59,1,1,0,10,2,0,1
59,2,1,0,10,2,0,2
59,3,1,0,10,2,0,3
59,4,1,0,10,2,0,4
59,5,1,0,10,2,0,5
59,6,1,0,10,2,0,6
59,7,1,0,10,2,0,7
59,8,1,0,10,2,0,8
59,9,1,0,10,2,0,9
59,10,1,0,10,2,0,10
59,11,1,0,10,2,0,11
59,12,1,0,10,2,0,12
59,13,1,0,10,2,0,13
59,14,1,0,10,2,0,14
59,15,1,0,10,2,0,15
60,1,1,0,10,4,1,1
60,2,1,0,10,4,1,2
60,3,1,0,10,4,1,3
60,4,1,0,10,4,1,4
60,5,1,0,10,4,1,5
60,6,1,0,10,4,1,6
60,7,1,0,10,4,1,7
60,8,1,0,10,4,1,8
60,9,1,0,10,4,1,9
60,10,1,0,10,4,1,10
60,11,1,0,10,4,1,11
60,12,1,0,10,4,1,12
60,13,1,0,10,4,1,13
60,14,1,0,10,4,1,14
60,15,1,0,10,4,1,15
61,1,1,1,11,5,0,1
61,2,1,1,11,5,0,2
61,3,1,1,11,5,0,3
61,4,1,1,11,5,0,4
61,5,1,1,11,5,0,5
61,6,1,1,11,5,0,6
61,7,1,1,11,5,0,7
61,8,1,1,11,5,0,8
61,9,1,1,11,5,0,9
61,10,1,1,11,5,0,10
61,11,1,1,11,5,0,11
61,12,1,1,11,5,0,12
61,13,1,1,11,5,0,13
61,14,1,1,11,5,0,14
61,15,1,1,11,5,0,15
62,1,1,1,11,2,1,1
62,2,1,1,11,2,1,2
62,3,1,1,11,2,1,3
62,4,1,1,11,2,1,4
62,5,1,1,11,2,1,5
62,6,1,1,11,2,1,6
62,7,1,1,11,2,1,7
62,8,1,1,11,2,1,8
62,9,1,1,11,2,1,9
62,10,1,1,11,2,1,10
62,11,1,1,11,2,1,11
62,12,1,1,11,2,1,12
62,13,1,1,11,2,1,13
62,14,1,1,11,2,1,14
62,15,1,1,11,2,1,15
63,1,1,1,11,1,0,1
63,2,1,1,11,1,0,2
63,3,1,1,11,1,0,3
63,4,1,1,11,1,0,4
63,5,1,1,11,1,0,5
63,6,1,1,11,1,0,6
63,7,1,1,11,1,0,7
63,8,1,1,11,1,0,8
63,9,1,1,11,1,0,9
63,10,1,1,11,1,0,10
63,11,1,1,11,1,0,11
63,12,1,1,11,1,0,12
63,13,1,1,11,1,0,13
63,14,1,1,11,1,0,14
63,15,1,1,11,1,0,15
64,1,1,1,11,9,1,1
64,2,1,1,11,9,1,2
64,3,1,1,11,9,1,3
64,4,1,1,11,9,1,4
64,5,1,1,11,9,1,5
64,6,1,1,11,9,1,6
64,7,1,1,11,9,1,7
64,8,1,1,11,9,1,8
64,9,1,1,11,9,1,9
64,10,1,1,11,9,1,10
64,11,1,1,11,9,1,11
64,12,1,1,11,9,1,12
64,13,1,1,11,9,1,13
64,14,1,1,11,9,1,14
64,15,1,1,11,9,1,15
65,1,1,1,11,7,0,1
65,2,1,1,11,7,0,2
65,3,1,1,11,7,0,3
65,4,1,1,11,7,0,4
65,5,1,1,11,7,0,5
65,6,1,1,11,7,0,6
65,7,1,1,11,7,0,7
65,8,1,1,11,7,0,8
65,9,1,1,11,7,0,9
65,10,1,1,11,7,0,10
65,11,1,1,11,7,0,11
65,12,1,1,11,7,0,12
65,13,1,1,11,7,0,13
65,14,1,1,11,7,0,14
65,15,1,1,11,7,0,15
66,1,1,1,11,8,1,1
66,2,1,1,11,8,1,2
66,3,1,1,11,8,1,3
66,4,1,1,11,8,1,4
66,5,1,1,11,8,1,5
66,6,1,1,11,8,1,6
66,7,1,1,11,8,1,7
66,8,1,1,11,8,1,8
66,9,1,1,11,8,1,9
66,10,1,1,11,8,1,10
66,11,1,1,11,8,1,11
66,12,1,1,11,8,1,12
66,13,1,1,11,8,1,13
66,14,1,1,11,8,1,14
66,15,1,1,11,8,1,15
67,1,1,1,12,8,0,1
67,2,1,1,12,8,0,2
67,3,1,1,12,8,0,3
67,4,1,1,12,8,0,4
67,5,1,1,12,8,0,5
67,6,1,1,12,8,0,6
67,7,1,1,12,8,0,7
67,8,1,1,12,8,0,8
67,9,1,1,12,8,0,9
67,10,1,1,12,8,0,10
67,11,1,1,12,8,0,11
67,12,1,1,12,8,0,12
67,13,1,1,12,8,0,13
67,14,1,1,12,8,0,14
67,15,1,1,12,8,0,15
68,1,1,1,12,3,1,1
68,2,1,1,12,3,1,2
68,3,1,1,12,3,1,3
68,4,1,1,12,3,1,4
68,5,1,1,12,3,1,5
68,6,1,1,12,3,1,6
68,7,1,1,12,3,1,7
68,8,1,1,12,3,1,8
68,9,1,1,12,3,1,9
68,10,1,1,12,3,1,10
68,11,1,1,12,3,1,11
68,12,1,1,12,3,1,12
68,13,1,1,12,3,1,13
68,14,1,1,12,3,1,14
68,15,1,1,12,3,1,15
69,1,1,1,12,1,0,1
69,2,1,1,12,1,0,2
69,3,1,1,12,1,0,3
69,4,1,1,12,1,0,4
69,5,1,1,12,1,0,5
69,6,1,1,12,1,0,6
69,7,1,1,12,1,0,7
69,8,1,1,12,1,0,8
69,9,1,1,12,1,0,9
69,10,1,1,12,1,0,10
69,11,1,1,12,1,0,11
69,12,1,1,12,1,0,12
69,13,1,1,12,1,0,13
69,14,1,1,12,1,0,14
69,15,1,1,12,1,0,15
70,1,1,1,12,6,1,1
70,2,1,1,12,6,1,2
70,3,1,1,12,6,1,3
70,4,1,1,12,6,1,4
70,5,1,1,12,6,1,5
70,6,1,1,12,6,1,6
70,7,1,1,12,6,1,7
70,8,1,1,12,6,1,8
70,9,1,1,12,6,1,9
70,10,1,1,12,6,1,10
70,11,1,1,12,6,1,11
70,12,1,1,12,6,1,12
70,13,1,1,12,6,1,13
70,14,1,1,12,6,1,14
70,15,1,1,12,6,1,15
71,1,1,1,12,0,0,1
71,2,1,1,12,0,0,2
71,3,1,1,12,0,0,3
71,4,1,1,12,0,0,4
71,5,1,1,12,0,0,5
71,6,1,1,12,0,0,6
71,7,1,1,12,0,0,7
71,8,1,1,12,0,0,8
71,9,1,1,12,0,0,9
71,10,1,1,12,0,0,10
71,11,1,1,12,0,0,11
71,12,1,1,12,0,0,12
71,13,1,1,12,0,0,13
71,14,1,1,12,0,0,14
71,15,1,1,12,0,0,15
72,1,1,1,12,5,1,1
72,2,1,1,12,5,1,2
72,3,1,1,12,5,1,3
72,4,1,1,12,5,1,4
72,5,1,1,12,5,1,5
72,6,1,1,12,5,1,6
72,7,1,1,12,5,1,7
72,8,1,1,12,5,1,8
72,9,1,1,12,5,1,9
72,10,1,1,12,5,1,10
72,11,1,1,12,5,1,11
72,12,1,1,12,5,1,12
72,13,1,1,12,5,1,13
72,14,1,1,12,5,1,14
72,15,1,1,12,5,1,15
73,1,1,1,13,6,0,1
73,2,1,1,13,6,0,2
73,3,1,1,13,6,0,3
73,4,1,1,13,6,0,4
73,5,1,1,13,6,0,5
73,6,1,1,13,6,0,6
73,7,1,1,13,6,0,7
73,8,1,1,13,6,0,8
73,9,1,1,13,6,0,9
73,10,1,1,13,6,0,10
73,11,1,1,13,6,0,11
73,12,1,1,13,6,0,12
73,13,1,1,13,6,0,13
73,14,1,1,13,6,0,14
73,15,1,1,13,6,0,15
74,1,1,1,13,0,1,1
74,2,1,1,13,0,1,2
74,3,1,1,13,0,1,3
74,4,1,1,13,0,1,4
74,5,1,1,13,0,1,5
74,6,1,1,13,0,1,6
74,7,1,1,13,0,1,7
74,8,1,1,13,0,1,8
74,9,1,1,13,0,1,9
74,10,1,1,13,0,1,10
74,11,1,1,13,0,1,11
74,12,1,1,13,0,1,12
74,13,1,1,13,0,1,13
74,14,1,1,13,0,1,14
74,15,1,1,13,0,1,15
75,1,1,1,13,8,0,1
75,2,1,1,13,8,0,2
75,3,1,1,13,8,0,3
75,4,1,1,13,8,0,4
75,5,1,1,13,8,0,5
75,6,1,1,13,8,0,6
75,7,1,1,13,8,0,7
75,8,1,1,13,8,0,8
75,9,1,1,13,8,0,9
75,10,1,1,13,8,0,10
75,11,1,1,13,8,0,11
75,12,1,1,13,8,0,12
75,13,1,1,13,8,0,13
75,14,1,1,13,8,0,14
75,15,1,1,13,8,0,15
76,1,1,1,13,7,1,1
76,2,1,1,13,7,1,2
76,3,1,1,13,7,1,3
76,4,1,1,13,7,1,4
76,5,1,1,13,7,1,5
76,6,1,1,13,7,1,6
76,7,1,1,13,7,1,7
76,8,1,1,13,7,1,8
76,9,1,1,13,7,1,9
76,10,1,1,13,7,1,10
76,11,1,1,13,7,1,11
76,12,1,1,13,7,1,12
76,13,1,1,13,7,1,13
76,14,1,1,13,7,1,14
76,15,1,1,13,7,1,15
77,1,1,1,13,6,0,1
77,2,1,1,13,6,0,2
77,3,1,1,13,6,0,3
77,4,1,1,13,6,0,4
77,5,1,1,13,6,0,5
77,6,1,1,13,6,0,6
77,7,1,1,13,6,0,7
77,8,1,1,13,6,0,8
77,9,1,1,13,6,0,9
77,10,1,1,13,6,0,10
77,11,1,1,13,6,0,11
77,12,1,1,13,6,0,12
77,13,1,1,13,6,0,13
77,14,1,1,13,6,0,14
77,15,1,1,13,6,0,15
78,1,1,1,13,2,1,1
78,2,1,1,13,2,1,2
78,3,1,1,13,2,1,3
78,4,1,1,13,2,1,4
78,5,1,1,13,2,1,5
78,6,1,1,13,2,1,6
78,7,1,1,13,2,1,7
78,8,1,1,13,2,1,8
78,9,1,1,13,2,1,9
78,10,1,1,13,2,1,10
78,11,1,1,13,2,1,11
78,12,1,1,13,2,1,12
78,13,1,1,13,2,1,13
78,14,1,1,13,2,1,14
78,15,1,1,13,2,1,15
79,1,1,1,14,4,0,1
79,2,1,1,14,4,0,2
79,3,1,1,14,4,0,3
79,4,1,1,14,4,0,4
79,5,1,1,14,4,0,5
79,6,1,1,14,4,0,6
79,7,1,1,14,4,0,7
79,8,1,1,14,4,0,8
79,9,1,1,14,4,0,9
79,10,1,1,14,4,0,10
79,11,1,1,14,4,0,11
79,12,1,1,14,4,0,12
79,13,1,1,14,4,0,13
79,14,1,1,14,4,0,14
79,15,1,1,14,4,0,15
80,1,1,1,14,6,1,1
80,2,1,1,14,6,1,2
80,3,1,1,14,6,1,3
80,4,1,1,14,6,1,4
80,5,1,1,14,6,1,5
80,6,1,1,14,6,1,6
80,7,1,1,14,6,1,7
80,8,1,1,14,6,1,8
80,9,1,1,14,6,1,9
80,10,1,1,14,6,1,10
80,11,1,1,14,6,1,11
80,12,1,1,14,6,1,12
80,13,1,1,14,6,1,13
80,14,1,1,14,6,1,14
80,15,1,1,14,6,1,15
81,1,1,1,14,3,0,1
81,2,1,1,14,3,0,2
81,3,1,1,14,3,0,3
81,4,1,1,14,3,0,4
81,5,1,1,14,3,0,5
81,6,1,1,14,3,0,6
81,7,1,1,14,3,0,7
81,8,1,1,14,3,0,8
81,9,1,1,14,3,0,9
81,10,1,1,14,3,0,10
81,11,1,1,14,3,0,11
81,12,1,1,14,3,0,12
81,13,1,1,14,3,0,13
81,14,1,1,14,3,0,14
81,15,1,1,14,3,0,15
82,1,1,1,14,10,1,1
82,2,1,1,14,10,1,2
82,3,1,1,14,10,1,3
82,4,1,1,14,10,1,4
82,5,1,1,14,10,1,5
82,6,1,1,14,10,1,6
82,7,1,1,14,10,1,7
82,8,1,1,14,10,1,8
82,9,1,1,14,10,1,9
82,10,1,1,14,10,1,10
82,11,1,1,14,10,1,11
82,12,1,1,14,10,1,12
82,13,1,1,14,10,1,13
82,14,1,1,14,10,1,14
82,15,1,1,14,10,1,15
83,1,1,1,14,10,0,1
83,2,1,1,14,10,0,2
83,3,1,1,14,10,0,3
83,4,1,1,14,10,0,4
83,5,1,1,14,10,0,5
83,6,1,1,14,10,0,6
83,7,1,1,14,10,0,7
83,8,1,1,14,10,0,8
83,9,1,1,14,10,0,9
83,10,1,1,14,10,0,10
83,11,1,1,14,10,0,11
83,12,1,1,14,10,0,12
83,13,1,1,14,10,0,13
83,14,1,1,14,10,0,14
83,15,1,1,14,10,0,15
84,1,1,1,14,0,1,1
84,2,1,1,14,0,1,2
84,3,1,1,14,0,1,3
84,4,1,1,14,0,1,4
84,5,1,1,14,0,1,5
84,6,1,1,14,0,1,6
84,7,1,1,14,0,1,7
84,8,1,1,14,0,1,8
84,9,1,1,14,0,1,9
84,10,1,1,14,0,1,10
84,11,1,1,14,0,1,11
84,12,1,1,14,0,1,12
84,13,1,1,14,0,1,13
84,14,1,1,14,0,1,14
84,15,1,1,14,0,1,15
85,1,1,1,15,9,0,1
85,2,1,1,15,9,0,2
85,3,1,1,15,9,0,3
85,4,1,1,15,9,0,4
85,5,1,1,15,9,0,5
85,6,1,1,15,9,0,6
85,7,1,1,15,9,0,7
85,8,1,1,15,9,0,8
85,9,1,1,15,9,0,9
85,10,1,1,15,9,0,10
85,11,1,1,15,9,0,11
85,12,1,1,15,9,0,12
85,13,1,1,15,9,0,13
85,14,1,1,15,9,0,14
85,15,1,1,15,9,0,15
86,1,1,1,15,3,1,1
86,2,1,1,15,3,1,2
86,3,1,1,15,3,1,3
86,4,1,1,15,3,1,4
86,5,1,1,15,3,1,5
86,6,1,1,15,3,1,6
86,7,1,1,15,3,1,7
86,8,1,1,15,3,1,8
86,9,1,1,15,3,1,9
86,10,1,1,15,3,1,10
86,11,1,1,15,3,1,11
86,12,1,1,15,3,1,12
86,13,1,1,15,3,1,13
86,14,1,1,15,3,1,14
86,15,1,1,15,3,1,15
87,1,1,1,15,3,0,1
87,2,1,1,15,3,0,2
87,3,1,1,15,3,0,3
87,4,1,1,15,3,0,4
87,5,1,1,15,3,0,5
87,6,1,1,15,3,0,6
87,7,1,1,15,3,0,7
87,8,1,1,15,3,0,8
87,9,1,1,15,3,0,9
87,10,1,1,15,3,0,10
87,11,1,1,15,3,0,11
87,12,1,1,15,3,0,12
87,13,1,1,15,3,0,13
87,14,1,1,15,3,0,14
87,15,1,1,15,3,0,15
88,1,1,1,15,8,1,1
88,2,1,1,15,8,1,2
88,3,1,1,15,8,1,3
88,4,1,1,15,8,1,4
88,5,1,1,15,8,1,5
88,6,1,1,15,8,1,6
88,7,1,1,15,8,1,7
88,8,1,1,15,8,1,8
88,9,1,1,15,8,1,9
88,10,1,1,15,8,1,10
88,11,1,1,15,8,1,11
88,12,1,1,15,8,1,12
88,13,1,1,15,8,1,13
88,14,1,1,15,8,1,14
88,15,1,1,15,8,1,15
89,1,1,1,15,7,0,1
89,2,1,1,15,7,0,2
89,3,1,1,15,7,0,3
89,4,1,1,15,7,0,4
89,5,1,1,15,7,0,5
89,6,1,1,15,7,0,6
89,7,1,1,15,7,0,7
89,8,1,1,15,7,0,8
89,9,1,1,15,7,0,9
89,10,1,1,15,7,0,10
89,11,1,1,15,7,0,11
89,12,1,1,15,7,0,12
89,13,1,1,15,7,0,13
89,14,1,1,15,7,0,14
89,15,1,1,15,7,0,15
90,1,1,1,15,8,1,1
90,2,1,1,15,8,1,2
90,3,1,1,15,8,1,3
90,4,1,1,15,8,1,4
90,5,1,1,15,8,1,5
90,6,1,1,15,8,1,6
90,7,1,1,15,8,1,7
90,8,1,1,15,8,1,8
90,9,1,1,15,8,1,9
90,10,1,1,15,8,1,10
90,11,1,1,15,8,1,11
90,12,1,1,15,8,1,12
90,13,1,1,15,8,1,13
90,14,1,1,15,8,1,14
90,15,1,1,15,8,1,15
91,1,1,1,16,0,0,1
91,2,1,1,16,0,0,2
91,3,1,1,16,0,0,3
91,4,1,1,16,0,0,4
91,5,1,1,16,0,0,5
91,6,1,1,16,0,0,6
91,7,1,1,16,0,0,7
91,8,1,1,16,0,0,8
91,9,1,1,16,0,0,9
91,10,1,1,16,0,0,10
91,11,1,1,16,0,0,11
91,12,1,1,16,0,0,12
91,13,1,1,16,0,0,13
91,14,1,1,16,0,0,14
91,15,1,1,16,0,0,15
92,1,1,1,16,1,1,1
92,2,1,1,16,1,1,2
92,3,1,1,16,1,1,3
92,4,1,1,16,1,1,4
92,5,1,1,16,1,1,5
92,6,1,1,16,1,1,6
92,7,1,1,16,1,1,7
92,8,1,1,16,1,1,8
92,9,1,1,16,1,1,9
92,10,1,1,16,1,1,10
92,11,1,1,16,1,1,11
92,12,1,1,16,1,1,12
92,13,1,1,16,1,1,13
92,14,1,1,16,1,1,14
92,15,1,1,16,1,1,15
93,1,1,1,16,8,0,1
93,2,1,1,16,8,0,2
93,3,1,1,16,8,0,3
93,4,1,1,16,8,0,4
93,5,1,1,16,8,0,5
93,6,1,1,16,8,0,6
93,7,1,1,16,8,0,7
93,8,1,1,16,8,0,8
93,9,1,1,16,8,0,9
93,10,1,1,16,8,0,10
93,11,1,1,16,8,0,11
93,12,1,1,16,8,0,12
93,13,1,1,16,8,0,13
93,14,1,1,16,8,0,14
93,15,1,1,16,8,0,15
94,1,1,1,16,8,1,1
94,2,1,1,16,8,1,2
94,3,1,1,16,8,1,3
94,4,1,1,16,8,1,4
94,5,1,1,16,8,1,5
94,6,1,1,16,8,1,6
94,7,1,1,16,8,1,7
94,8,1,1,16,8,1,8
94,9,1,1,16,8,1,9
94,10,1,1,16,8,1,10
94,11,1,1,16,8,1,11
94,12,1,1,16,8,1,12
94,13,1,1,16,8,1,13
94,14,1,1,16,8,1,14
94,15,1,1,16,8,1,15
95,1,1,1,16,9,0,1
95,2,1,1,16,9,0,2
95,3,1,1,16,9,0,3
95,4,1,1,16,9,0,4
95,5,1,1,16,9,0,5
95,6,1,1,16,9,0,6
95,7,1,1,16,9,0,7
95,8,1,1,16,9,0,8
95,9,1,1,16,9,0,9
95,10,1,1,16,9,0,10
95,11,1,1,16,9,0,11
95,12,1,1,16,9,0,12
95,13,1,1,16,9,0,13
95,14,1,1,16,9,0,14
95,15,1,1,16,9,0,15
96,1,1,1,16,9,1,1
96,2,1,1,16,9,1,2
96,3,1,1,16,9,1,3
96,4,1,1,16,9,1,4
96,5,1,1,16,9,1,5
96,6,1,1,16,9,1,6
96,7,1,1,16,9,1,7
96,8,1,1,16,9,1,8
96,9,1,1,16,9,1,9
96,10,1,1,16,9,1,10
96,11,1,1,16,9,1,11
96,12,1,1,16,9,1,12
96,13,1,1,16,9,1,13
96,14,1,1,16,9,1,14
96,15,1,1,16,9,1,15
97,1,1,1,17,0,0,1
97,2,1,1,17,0,0,2
97,3,1,1,17,0,0,3
97,4,1,1,17,0,0,4
97,5,1,1,17,0,0,5
97,6,1,1,17,0,0,6
97,7,1,1,17,0,0,7
97,8,1,1,17,0,0,8
97,9,1,1,17,0,0,9
97,10,1,1,17,0,0,10
97,11,1,1,17,0,0,11
97,12,1,1,17,0,0,12
97,13,1,1,17,0,0,13
97,14,1,1,17,0,0,14
97,15,1,1,17,0,0,15
98,1,1,1,17,2,1,1
98,2,1,1,17,2,1,2
98,3,1,1,17,2,1,3
98,4,1,1,17,2,1,4
98,5,1,1,17,2,1,5
98,6,1,1,17,2,1,6
98,7,1,1,17,2,1,7
98,8,1,1,17,2,1,8
98,9,1,1,17,2,1,9
98,10,1,1,17,2,1,10
98,11,1,1,17,2,1,11
98,12,1,1,17,2,1,12
98,13,1,1,17,2,1,13
98,14,1,1,17,2,1,14
98,15,1,1,17,2,1,15
99,1,1,1,17,4,0,1
99,2,1,1,17,4,0,2
99,3,1,1,17,4,0,3
99,4,1,1,17,4,0,4
99,5,1,1,17,4,0,5
99,6,1,1,17,4,0,6
99,7,1,1,17,4,0,7
99,8,1,1,17,4,0,8
99,9,1,1,17,4,0,9
99,10,1,1,17,4,0,10
99,11,1,1,17,4,0,11
99,12,1,1,17,4,0,12
99,13,1,1,17,4,0,13
99,14,1,1,17,4,0,14
99,15,1,1,17,4,0,15
100,1,1,1,17,10,1,1
100,2,1,1,17,10,1,2
100,3,1,1,17,10,1,3
100,4,1,1,17,10,1,4
100,5,1,1,17,10,1,5
100,6,1,1,17,10,1,6
100,7,1,1,17,10,1,7
100,8,1,1,17,10,1,8
100,9,1,1,17,10,1,9
100,10,1,1,17,10,1,10
100,11,1,1,17,10,1,11
100,12,1,1,17,10,1,12
100,13,1,1,17,10,1,13
100,14,1,1,17,10,1,14
100,15,1,1,17,10,1,15
101,1,1,1,17,3,0,1
101,2,1,1,17,3,0,2
101,3,1,1,17,3,0,3
101,4,1,1,17,3,0,4
101,5,1,1,17,3,0,5
101,6,1,1,17,3,0,6
101,7,1,1,17,3,0,7
101,8,1,1,17,3,0,8
101,9,1,1,17,3,0,9
101,10,1,1,17,3,0,10
101,11,1,1,17,3,0,11
101,12,1,1,17,3,0,12
101,13,1,1,17,3,0,13
101,14,1,1,17,3,0,14
101,15,1,1,17,3,0,15
102,1,1,1,17,10,1,1
102,2,1,1,17,10,1,2
102,3,1,1,17,10,1,3
102,4,1,1,17,10,1,4
102,5,1,1,17,10,1,5
102,6,1,1,17,10,1,6
102,7,1,1,17,10,1,7
102,8,1,1,17,10,1,8
102,9,1,1,17,10,1,9
102,10,1,1,17,10,1,10
102,11,1,1,17,10,1,11
102,12,1,1,17,10,1,12
102,13,1,1,17,10,1,13
102,14,1,1,17,10,1,14
102,15,1,1,17,10,1,15
103,1,1,1,18,5,0,1
103,2,1,1,18,5,0,2
103,3,1,1,18,5,0,3
103,4,1,1,18,5,0,4
103,5,1,1,18,5,0,5
103,6,1,1,18,5,0,6
103,7,1,1,18,5,0,7
103,8,1,1,18,5,0,8
103,9,1,1,18,5,0,9
103,10,1,1,18,5,0,10
103,11,1,1,18,5,0,11
103,12,1,1,18,5,0,12
103,13,1,1,18,5,0,13
103,14,1,1,18,5,0,14
103,15,1,1,18,5,0,15
104,1,1,1,18,0,1,1
104,2,1,1,18,0,1,2
104,3,1,1,18,0,1,3
104,4,1,1,18,0,1,4
104,5,1,1,18,0,1,5
104,6,1,1,18,0,1,6
104,7,1,1,18,0,1,7
104,8,1,1,18,0,1,8
104,9,1,1,18,0,1,9
104,10,1,1,18,0,1,10
104,11,1,1,18,0,1,11
104,12,1,1,18,0,1,12
104,13,1,1,18,0,1,13
104,14,1,1,18,0,1,14
104,15,1,1,18,0,1,15
105,1,1,1,18,2,0,1
105,2,1,1,18,2,0,2
105,3,1,1,18,2,0,3
105,4,1,1,18,2,0,4
105,5,1,1,18,2,0,5
105,6,1,1,18,2,0,6
105,7,1,1,18,2,0,7
105,8,1,1,18,2,0,8
105,9,1,1,18,2,0,9
105,10,1,1,18,2,0,10
105,11,1,1,18,2,0,11
105,12,1,1,18,2,0,12
105,13,1,1,18,2,0,13
105,14,1,1,18,2,0,14
105,15,1,1,18,2,0,15
106,1,1,1,18,2,1,1
106,2,1,1,18,2,1,2
106,3,1,1,18,2,1,3
106,4,1,1,18,2,1,4
106,5,1,1,18,2,1,5
106,6,1,1,18,2,1,6
106,7,1,1,18,2,1,7
106,8,1,1,18,2,1,8
106,9,1,1,18,2,1,9
106,10,1,1,18,2,1,10
106,11,1,1,18,2,1,11
106,12,1,1,18,2,1,12
106,13,1,1,18,2,1,13
106,14,1,1,18,2,1,14
106,15,1,1,18,2,1,15
107,1,1,1,18,2,0,1
107,2,1,1,18,2,0,2
107,3,1,1,18,2,0,3
107,4,1,1,18,2,0,4
107,5,1,1,18,2,0,5
107,6,1,1,18,2,0,6
107,7,1,1,18,2,0,7
107,8,1,1,18,2,0,8
107,9,1,1,18,2,0,9
107,10,1,1,18,2,0,10
107,11,1,1,18,2,0,11
107,12,1,1,18,2,0,12
107,13,1,1,18,2,0,13
107,14,1,1,18,2,0,14
107,15,1,1,18,2,0,15
108,1,1,1,18,3,1,1
108,2,1,1,18,3,1,2
108,3,1,1,18,3,1,3
108,4,1,1,18,3,1,4
108,5,1,1,18,3,1,5
108,6,1,1,18,3,1,6
108,7,1,1,18,3,1,7
108,8,1,1,18,3,1,8
108,9,1,1,18,3,1,9
108,10,1,1,18,3,1,10
108,11,1,1,18,3,1,11
108,12,1,1,18,3,1,12
108,13,1,1,18,3,1,13
108,14,1,1,18,3,1,14
108,15,1,1,18,3,1,15
109,1,1,1,19,1,0,1
109,2,1,1,19,1,0,2
109,3,1,1,19,1,0,3
109,4,1,1,19,1,0,4
109,5,1,1,19,1,0,5
109,6,1,1,19,1,0,6
109,7,1,1,19,1,0,7
109,8,1,1,19,1,0,8
109,9,1,1,19,1,0,9
109,10,1,1,19,1,0,10
109,11,1,1,19,1,0,11
109,12,1,1,19,1,0,12
109,13,1,1,19,1,0,13
109,14,1,1,19,1,0,14
109,15,1,1,19,1,0,15
110,1,1,1,19,7,1,1
110,2,1,1,19,7,1,2
110,3,1,1,19,7,1,3
110,4,1,1,19,7,1,4
110,5,1,1,19,7,1,5
110,6,1,1,19,7,1,6
110,7,1,1,19,7,1,7
110,8,1,1,19,7,1,8
110,9,1,1,19,7,1,9
110,10,1,1,19,7,1,10
110,11,1,1,19,7,1,11
110,12,1,1,19,7,1,12
110,13,1,1,19,7,1,13
110,14,1,1,19,7,1,14
110,15,1,1,19,7,1,15
111,1,1,1,19,3,0,1
111,2,1,1,19,3,0,2
111,3,1,1,19,3,0,3
111,4,1,1,19,3,0,4
111,5,1,1,19,3,0,5
111,6,1,1,19,3,0,6
111,7,1,1,19,3,0,7
111,8,1,1,19,3,0,8
111,9,1,1,19,3,0,9
111,10,1,1,19,3,0,10
111,11,1,1,19,3,0,11
111,12,1,1,19,3,0,12
111,13,1,1,19,3,0,13
111,14,1,1,19,3,0,14
111,15,1,1,19,3,0,15
112,1,1,1,19,2,1,1
112,2,1,1,19,2,1,2
112,3,1,1,19,2,1,3
112,4,1,1,19,2,1,4
112,5,1,1,19,2,1,5
112,6,1,1,19,2,1,6
112,7,1,1,19,2,1,7
112,8,1,1,19,2,1,8
112,9,1,1,19,2,1,9
112,10,1,1,19,2,1,10
112,11,1,1,19,2,1,11
112,12,1,1,19,2,1,12
112,13,1,1,19,2,1,13
112,14,1,1,19,2,1,14
112,15,1,1,19,2,1,15
113,1,1,1,19,8,0,1
113,2,1,1,19,8,0,2
113,3,1,1,19,8,0,3
113,4,1,1,19,8,0,4
113,5,1,1,19,8,0,5
113,6,1,1,19,8,0,6
113,7,1,1,19,8,0,7
113,8,1,1,19,8,0,8
113,9,1,1,19,8,0,9
113,10,1,1,19,8,0,10
113,11,1,1,19,8,0,11
113,12,1,1,19,8,0,12
113,13,1,1,19,8,0,13
113,14,1,1,19,8,0,14
113,15,1,1,19,8,0,15
114,1,1,1,19,10,1,1
114,2,1,1,19,10,1,2
114,3,1,1,19,10,1,3
114,4,1,1,19,10,1,4
114,5,1,1,19,10,1,5
114,6,1,1,19,10,1,6
114,7,1,1,19,10,1,7
114,8,1,1,19,10,1,8
114,9,1,1,19,10,1,9
114,10,1,1,19,10,1,10
114,11,1,1,19,10,1,11
114,12,1,1,19,10,1,12
114,13,1,1,19,10,1,13
114,14,1,1,19,10,1,14
114,15,1,1,19,10,1,15
115,1,1,1,20,5,0,1
115,2,1,1,20,5,0,2
115,3,1,1,20,5,0,3
115,4,1,1,20,5,0,4
115,5,1,1,20,5,0,5
115,6,1,1,20,5,0,6
115,7,1,1,20,5,0,7
115,8,1,1,20,5,0,8
115,9,1,1,20,5,0,9
115,10,1,1,20,5,0,10
115,11,1,1,20,5,0,11
115,12,1,1,20,5,0,12
115,13,1,1,20,5,0,13
115,14,1,1,20,5,0,14
115,15,1,1,20,5,0,15
116,1,1,1,20,10,1,1
116,2,1,1,20,10,1,2
116,3,1,1,20,10,1,3
116,4,1,1,20,10,1,4
116,5,1,1,20,10,1,5
116,6,1,1,20,10,1,6
116,7,1,1,20,10,1,7
116,8,1,1,20,10,1,8
116,9,1,1,20,10,1,9
116,10,1,1,20,10,1,10
116,11,1,1,20,10,1,11
116,12,1,1,20,10,1,12
116,13,1,1,20,10,1,13
116,14,1,1,20,10,1,14
116,15,1,1,20,10,1,15
117,1,1,1,20,8,0,1
117,2,1,1,20,8,0,2
117,3,1,1,20,8,0,3
117,4,1,1,20,8,0,4
117,5,1,1,20,8,0,5
117,6,1,1,20,8,0,6
117,7,1,1,20,8,0,7
117,8,1,1,20,8,0,8
117,9,1,1,20,8,0,9
117,10,1,1,20,8,0,10
117,11,1,1,20,8,0,11
117,12,1,1,20,8,0,12
117,13,1,1,20,8,0,13
117,14,1,1,20,8,0,14
117,15,1,1,20,8,0,15
118,1,1,1,20,1,1,1
118,2,1,1,20,1,1,2
118,3,1,1,20,1,1,3
118,4,1,1,20,1,1,4
118,5,1,1,20,1,1,5
118,6,1,1,20,1,1,6
118,7,1,1,20,1,1,7
118,8,1,1,20,1,1,8
118,9,1,1,20,1,1,9
118,10,1,1,20,1,1,10
118,11,1,1,20,1,1,11
118,12,1,1,20,1,1,12
118,13,1,1,20,1,1,13
118,14,1,1,20,1,1,14
118,15,1,1,20,1,1,15
119,1,1,1,20,0,0,1
119,2,1,1,20,0,0,2
119,3,1,1,20,0,0,3
119,4,1,1,20,0,0,4
119,5,1,1,20,0,0,5
119,6,1,1,20,0,0,6
119,7,1,1,20,0,0,7
119,8,1,1,20,0,0,8
119,9,1,1,20,0,0,9
119,10,1,1,20,0,0,10
119,11,1,1,20,0,0,11
119,12,1,1,20,0,0,12
119,13,1,1,20,0,0,13
119,14,1,1,20,0,0,14
119,15,1,1,20,0,0,15
120,1,1,1,20,6,1,1
120,2,1,1,20,6,1,2
120,3,1,1,20,6,1,3
120,4,1,1,20,6,1,4
120,5,1,1,20,6,1,5
120,6,1,1,20,6,1,6
120,7,1,1,20,6,1,7
120,8,1,1,20,6,1,8
120,9,1,1,20,6,1,9
120,10,1,1,20,6,1,10
120,11,1,1,20,6,1,11
120,12,1,1,20,6,1,12
120,13,1,1,20,6,1,13
120,14,1,1,20,6,1,14
120,15,1,1,20,6,1,15
